题目一.md
Welcome to the MySQL monitor.  Commands end with ; or \g.
Your MySQL connection id is 25
Server version: 8.0.19 MySQL Community Server - GPL

Copyright (c) 2000, 2020, Oracle and/or its affiliates. All rights reserved.

Oracle is a registered trademark of Oracle Corporation and/or its
affiliates. Other names may be trademarks of their respective
owners.

Type 'help;' or '\h' for help. Type '\c' to clear the current input statement.

mysql> show databases;
+--------------------+
| Database           |
+--------------------+
| blcu_db_demo       |
| homework4          |
| information_schema |
| mysql              |
| performance_schema |
| sys                |
+--------------------+
6 rows in set (0.00 sec)

mysql> select * from homework4;
ERROR 1046 (3D000): No database selected
mysql> CREATE TABLE `acquaintance` (
    ->   `id` mediumint(8) unsigned NOT NULL auto_increment,
    ->   `friend1` varchar(255) default NULL,
    ->   `friend2` varchar(255) default NULL,
    ->   `class` varchar(255) default NULL,
    ->   PRIMARY KEY (`id`)
    -> ) AUTO_INCREMENT=1;
ERROR 1046 (3D000): No database selected
mysql> use homework4;
Reading table information for completion of table and column names
You can turn off this feature to get a quicker startup with -A

Database changed
mysql> CREATE TABLE `acquaintance` (
    ->   `id` mediumint(8) unsigned NOT NULL auto_increment,
    ->   `friend1` varchar(255) default NULL,
    ->   `friend2` varchar(255) default NULL,
    ->   `class` varchar(255) default NULL,
    ->   PRIMARY KEY (`id`)
    -> ) AUTO_INCREMENT=1;
Query OK, 0 rows affected, 1 warning (0.02 sec)

mysql> create database homework5;
Query OK, 1 row affected (0.00 sec)

mysql> use homework5;
Database changed
mysql> CREATE TABLE `acquaintance` (
    ->   `id` mediumint(8) unsigned NOT NULL auto_increment,
    ->   `friend1` varchar(255) default NULL,
    ->   `friend2` varchar(255) default NULL,
    ->   `class` varchar(255) default NULL,
    ->   PRIMARY KEY (`id`)
    -> ) AUTO_INCREMENT=1;
Query OK, 0 rows affected, 1 warning (0.01 sec)

mysql> INSERT INTO `acquaintance` (`friend1`,`friend2`,`class`) VALUES ("Ginger","Amber","pen"),("Cody","Penelope","wine"),("Mechelle","Roth","game"),("Iliana","Price","pet"),("Austin","Emerald","game"),("Patience","Ora","liquor"),("Edward","Nina","wine"),("Brynn","Kenneth","pen"),("Alden","Yasir","pen"),("Steel","May","game");
Query OK, 10 rows affected (0.01 sec)
Records: 10  Duplicates: 0  Warnings: 0

mysql> INSERT INTO `acquaintance` (`friend1`,`friend2`,`class`) VALUES ("Indira","Tanisha","liquor"),("Piper","Magee","game"),("Fulton","Katell","pen"),("Shad","Chastity","game"),("Ryder","Nolan","makeup"),("Yen","Jessica","makeup"),("Kasper","Laith","liquor"),("Ramona","Cecilia","liquor"),("Hope","Dawn","wine"),("Liberty","Eleanor","liquor");
Query OK, 10 rows affected (0.00 sec)
Records: 10  Duplicates: 0  Warnings: 0

mysql> INSERT INTO `acquaintance` (`friend1`,`friend2`,`class`) VALUES ("Brynne","Fletcher","liquor"),("Hunter","Dane","pet"),("Adara","Valentine","liquor"),("Porter","Anne","liquor"),("Yolanda","Rajah","makeup"),("Carson","Sharon","pet"),("Rahim","Denise","pet"),("Noah","Quincy","liquor"),("Sloane","Irma","makeup"),("Alea","Lane","makeup");
Query OK, 10 rows affected (0.00 sec)
Records: 10  Duplicates: 0  Warnings: 0

mysql> INSERT INTO `acquaintance` (`friend1`,`friend2`,`class`) VALUES ("Neve","Lacy","makeup"),("Ali","Grady","game"),("Moana","Nelle","wine"),("Kirestin","Brianna","game"),("Knox","Ginger","pen"),("Laura","Christine","liquor"),("Jesse","Mona","makeup"),("Uta","Nathaniel","wine"),("Sopoline","Jaden","pen"),("Jacqueline","Macaulay","wine");
Query OK, 10 rows affected (0.00 sec)
Records: 10  Duplicates: 0  Warnings: 0

mysql> INSERT INTO `acquaintance` (`friend1`,`friend2`,`class`) VALUES ("Caleb","Chaney","wine"),("Carlos","Graham","pen"),("Quamar","Nigel","game"),("Anika","Basil","game"),("Ainsley","Ulla","pen"),("Stuart","Jonas","pen"),("Erin","Davis","wine"),("Noelani","Dorian","pet"),("Piper","Clayton","liquor"),("Cameron","Camille","makeup");
Query OK, 10 rows affected (0.00 sec)
Records: 10  Duplicates: 0  Warnings: 0

mysql> INSERT INTO `acquaintance` (`friend1`,`friend2`,`class`) VALUES ("Odessa","Calista","wine"),("Coby","Beatrice","wine"),("Reese","Abel","pen"),("Jordan","Hyacinth","game"),("Jenna","Addison","wine"),("Alvin","Joelle","wine"),("Harrison","Serina","game"),("Jaden","Caesar","liquor"),("Madeline","Zephania","pen"),("Lionel","Kelsie","game");
Query OK, 10 rows affected (0.00 sec)
Records: 10  Duplicates: 0  Warnings: 0

mysql> INSERT INTO `acquaintance` (`friend1`,`friend2`,`class`) VALUES ("Hasad","Tatum","game"),("Cailin","Jennifer","pet"),("Lars","Justina","liquor"),("Evelyn","Morgan","makeup"),("Emmanuel","Jordan","pet"),("Colt","Hashim","makeup"),("Addison","Xavier","game"),("Haley","Lewis","game"),("Branden","Yardley","game"),("Karleigh","Darryl","wine");
Query OK, 10 rows affected (0.01 sec)
Records: 10  Duplicates: 0  Warnings: 0

mysql> INSERT INTO `acquaintance` (`friend1`,`friend2`,`class`) VALUES ("Kim","Hamilton","game"),("Octavia","Denise","game"),("Cheyenne","Chandler","pen"),("Sasha","Shelby","pet"),("Cecilia","Wallace","pen"),("Kadeem","Sebastian","wine"),("Russell","Paul","pen"),("Maxine","Norman","wine"),("Nina","Quin","game"),("Flynn","Seth","pen");
Query OK, 10 rows affected (0.00 sec)
Records: 10  Duplicates: 0  Warnings: 0

mysql> INSERT INTO `acquaintance` (`friend1`,`friend2`,`class`) VALUES ("Frances","Colorado","pen"),("Berk","Lillian","wine"),("Sandra","Kiona","makeup"),("Troy","Griffith","pet"),("Timothy","Edan","wine"),("Nyssa","John","liquor"),("Hiram","Uma","liquor"),("Kiara","Macaulay","pen"),("Kelly","Mary","makeup"),("Solomon","Shafira","liquor");
Query OK, 10 rows affected (0.00 sec)
Records: 10  Duplicates: 0  Warnings: 0

mysql> INSERT INTO `acquaintance` (`friend1`,`friend2`,`class`) VALUES ("Aaron","Alexander","makeup"),("Ciaran","Chaim","wine"),("Kylan","Jacqueline","pet"),("Cathleen","Jenna","liquor"),("Felix","Caryn","pet"),("Fay","Samuel","makeup"),("Whilemina","Aline","pet"),("Christine","April","makeup"),("Amery","Benjamin","game"),("Gray","Chelsea","liquor");
Query OK, 10 rows affected (0.00 sec)
Records: 10  Duplicates: 0  Warnings: 0

mysql> select * from acquaintance;
+-----+------------+------------+--------+
| id  | friend1    | friend2    | class  |
+-----+------------+------------+--------+
|   1 | Ginger     | Amber      | pen    |
|   2 | Cody       | Penelope   | wine   |
|   3 | Mechelle   | Roth       | game   |
|   4 | Iliana     | Price      | pet    |
|   5 | Austin     | Emerald    | game   |
|   6 | Patience   | Ora        | liquor |
|   7 | Edward     | Nina       | wine   |
|   8 | Brynn      | Kenneth    | pen    |
|   9 | Alden      | Yasir      | pen    |
|  10 | Steel      | May        | game   |
|  11 | Indira     | Tanisha    | liquor |
|  12 | Piper      | Magee      | game   |
|  13 | Fulton     | Katell     | pen    |
|  14 | Shad       | Chastity   | game   |
|  15 | Ryder      | Nolan      | makeup |
|  16 | Yen        | Jessica    | makeup |
|  17 | Kasper     | Laith      | liquor |
|  18 | Ramona     | Cecilia    | liquor |
|  19 | Hope       | Dawn       | wine   |
|  20 | Liberty    | Eleanor    | liquor |
|  21 | Brynne     | Fletcher   | liquor |
|  22 | Hunter     | Dane       | pet    |
|  23 | Adara      | Valentine  | liquor |
|  24 | Porter     | Anne       | liquor |
|  25 | Yolanda    | Rajah      | makeup |
|  26 | Carson     | Sharon     | pet    |
|  27 | Rahim      | Denise     | pet    |
|  28 | Noah       | Quincy     | liquor |
|  29 | Sloane     | Irma       | makeup |
|  30 | Alea       | Lane       | makeup |
|  31 | Neve       | Lacy       | makeup |
|  32 | Ali        | Grady      | game   |
|  33 | Moana      | Nelle      | wine   |
|  34 | Kirestin   | Brianna    | game   |
|  35 | Knox       | Ginger     | pen    |
|  36 | Laura      | Christine  | liquor |
|  37 | Jesse      | Mona       | makeup |
|  38 | Uta        | Nathaniel  | wine   |
|  39 | Sopoline   | Jaden      | pen    |
|  40 | Jacqueline | Macaulay   | wine   |
|  41 | Caleb      | Chaney     | wine   |
|  42 | Carlos     | Graham     | pen    |
|  43 | Quamar     | Nigel      | game   |
|  44 | Anika      | Basil      | game   |
|  45 | Ainsley    | Ulla       | pen    |
|  46 | Stuart     | Jonas      | pen    |
|  47 | Erin       | Davis      | wine   |
|  48 | Noelani    | Dorian     | pet    |
|  49 | Piper      | Clayton    | liquor |
|  50 | Cameron    | Camille    | makeup |
|  51 | Odessa     | Calista    | wine   |
|  52 | Coby       | Beatrice   | wine   |
|  53 | Reese      | Abel       | pen    |
|  54 | Jordan     | Hyacinth   | game   |
|  55 | Jenna      | Addison    | wine   |
|  56 | Alvin      | Joelle     | wine   |
|  57 | Harrison   | Serina     | game   |
|  58 | Jaden      | Caesar     | liquor |
|  59 | Madeline   | Zephania   | pen    |
|  60 | Lionel     | Kelsie     | game   |
|  61 | Hasad      | Tatum      | game   |
|  62 | Cailin     | Jennifer   | pet    |
|  63 | Lars       | Justina    | liquor |
|  64 | Evelyn     | Morgan     | makeup |
|  65 | Emmanuel   | Jordan     | pet    |
|  66 | Colt       | Hashim     | makeup |
|  67 | Addison    | Xavier     | game   |
|  68 | Haley      | Lewis      | game   |
|  69 | Branden    | Yardley    | game   |
|  70 | Karleigh   | Darryl     | wine   |
|  71 | Kim        | Hamilton   | game   |
|  72 | Octavia    | Denise     | game   |
|  73 | Cheyenne   | Chandler   | pen    |
|  74 | Sasha      | Shelby     | pet    |
|  75 | Cecilia    | Wallace    | pen    |
|  76 | Kadeem     | Sebastian  | wine   |
|  77 | Russell    | Paul       | pen    |
|  78 | Maxine     | Norman     | wine   |
|  79 | Nina       | Quin       | game   |
|  80 | Flynn      | Seth       | pen    |
|  81 | Frances    | Colorado   | pen    |
|  82 | Berk       | Lillian    | wine   |
|  83 | Sandra     | Kiona      | makeup |
|  84 | Troy       | Griffith   | pet    |
|  85 | Timothy    | Edan       | wine   |
|  86 | Nyssa      | John       | liquor |
|  87 | Hiram      | Uma        | liquor |
|  88 | Kiara      | Macaulay   | pen    |
|  89 | Kelly      | Mary       | makeup |
|  90 | Solomon    | Shafira    | liquor |
|  91 | Aaron      | Alexander  | makeup |
|  92 | Ciaran     | Chaim      | wine   |
|  93 | Kylan      | Jacqueline | pet    |
|  94 | Cathleen   | Jenna      | liquor |
|  95 | Felix      | Caryn      | pet    |
|  96 | Fay        | Samuel     | makeup |
|  97 | Whilemina  | Aline      | pet    |
|  98 | Christine  | April      | makeup |
|  99 | Amery      | Benjamin   | game   |
| 100 | Gray       | Chelsea    | liquor |
+-----+------------+------------+--------+
100 rows in set (0.00 sec)

mysql> exit;
Bye


测试数据生成见图片